Entity,Year,Records,Organization type,Method
21st Century Oncology,2016,2200000,healthcare,hacked
500px,2020,14870304,app,hacked
Accendo Insurance Co.,2020,175350,healthcare,poor security
Adobe Systems Incorporated,2013,152000000,tech,hacked
Adobe Inc.,2019,7500000,tech,poor security
Advocate Medical Group,2017,4000000,healthcare,lost / stolen device
AerServ (subsidiary of InMobi),2018,75000,retail,hacked
"Affinity Health Plan, Inc.",2013,344579,healthcare,lost / stolen device
Airtel,2019,320000000,telecoms,poor security
Air Canada,2018,20000,transport,hacked
TD Ameritrade,2005,200000,financial,lost / stolen device
Ancestry.com,2021,300000,web,poor security
Animal Jam,2020,46000000,gaming,hacked
"Ankle & Foot Center of Tampa Bay, Inc.",2021,156000,healthcare,hacked
Anthem Inc.,2015,80000000,healthcare,hacked
AOL,2004,92000000,web,inside job
AOL,2006,20000000,web,accidentally exposed
AOL,2014,2400000,web,hacked
"Apple, Inc./BlueToad",2021,12367232,retail,accidentally exposed
Apple,2021,275000,tech,hacked
Apple Health Medicaid,2021,91000,healthcare,poor security
Ashley Madison,2015,32000000,web,hacked
AT&T,2008,113000,telecoms,lost / stolen device
AT&T,2010,114000,telecoms,hacked
Auction.co.kr,2008,18000000,web,hacked
Automatic Data Processing,2005,125000,financial,poor security
"AvMed, Inc.",2009,1220000,healthcare,lost / stolen device
Bailey's Inc.,2015,250000,retail,hacked
The Bank of New York Mellon,2008,12500000,financial,lost / stolen device
Bank of America,2005,1200000,financial,lost / stolen device
Bell Canada,2017,1900000,telecoms,poor security
Bell Canada,2018,100000,telecoms,hacked
Benesse,2014,35040000,academic,hacked
Betfair,2010,2300000,web,hacked
Bethesda Game Studios,2011,200000,gaming,hacked
Blank Media Games,2018,7633234,gaming,hacked
Blizzard Entertainment,2012,14000000,gaming,hacked
BlueCross BlueShield of Tennessee,2009,1023209,healthcare,lost / stolen device
BMO and Simplii,2018,90000,financial,poor security
2018 British Airways cyberattack,2018,500000,transport,hacked
California Department of Child Support Services,2012,800000,government,lost / stolen device
Canva,2019,140000000,web,hacked
Capcom,2020,350000,gaming,hacked
Capital One,2019,106000000,financial,misconfiguration
"CardSystems Solutions Inc.
(MasterCard, Visa, Discover Financial Services and American Express)",2005,40000000,financial,hacked
Cathay Pacific Airways,2018,9400000,transport,hacked
CareFirst BlueCross Blue Shield - Maryland,2015,1100000,healthcare,hacked
Central Coast Credit Union,2016,60000,financial,hacked
Central Hudson Gas & Electric,2013,110000,energy,hacked
CheckFree Corporation,2009,5000000,financial,hacked
Central Intelligence Agency,2017,91,tech,inside job
China Software Developer Network,2011,6000000,web,hacked
"Chinese gaming websites (three: Duowan, 7K7K, 178.com)",2011,10000000,web,hacked
Citigroup,2005,3900000,financial,lost / stolen device
Citigroup,2011,360083,financial,hacked
Citigroup,2013,150000,financial,poor security
City and Hackney Teaching Primary Care Trust,2007,160000,healthcare,lost / stolen device
Colorado state government,2010,105470,healthcare,lost / stolen device
Community Health Systems,2014,4500000,healthcare,hacked
Philippines Commission on Elections,2016,55000000,government,hacked
Compass Bank,2007,1000000,financial,inside job
Countrywide Financial Corp,2006,2600000,financial,inside job
Countrywide Financial Corp,2011,2500000,financial,inside job
Centers for Medicare & Medicaid Services,2018,75000,healthcare,hacked
Cox Communications,2016,40000,telecoms,hacked
"Crescent Health Inc., Walgreens",2013,100000,healthcare,lost / stolen device
CyberServe,2021,1107034,tech,hacked
Dai Nippon Printing,2007,8637405,retail,inside job
"Data Processors International (MasterCard, Visa, Discover Financial Services and American Express)",2008,8000000,financial,hacked
Dedalus Biologie (a division of Dedalus Global),2021,500000,healthcare,poor security
Democratic National Committee,2016,19252,tech,hacked
US Department of Homeland Security,2016,30000,government,poor security
Desjardins,2019,9700000,financial,inside job
Domino's Pizza (France),2014,600000,web,hacked
DonorView,2023,948029,tech,poor security
DoorDash,2019,4900000,web,hacked
UK Driving Standards Agency,2007,3000000,government,lost / stolen device
Dropbox,2012,68648009,web,hacked
Drupal,2013,1000000,web,hacked
DSW Inc.,2005,1400000,retail,hacked
Dubsmash,2018,162000000,app,hacked
Dun & Bradstreet,2013,1000000,tech,hacked
Duolingo,2023,2676696,academic,poor security
eBay,2014,145000000,web,hacked
"Earl Enterprises(Buca di Beppo, Earl of Sandwich, Planet Hollywood,Chicken Guy, Mixology, Tequila Taqueria)",2018,2000000,retail,hacked
Educational Credit Management Corporation,2010,3300000,financial,lost / stolen device
Eisenhower Medical Center,2011,514330,healthcare,lost / stolen device
ElasticSearch,2019,108000000,tech,poor security
Embassy Cables,2010,251000,government,inside job
"Emergency Healthcare Physicians, Ltd.",2010,180111,healthcare,lost / stolen device
Emory Healthcare,2012,315000,healthcare,poor security
Equifax,2017,163119000,financial,poor security
EssilorLuxottica,2021,77093812,healthcare,hacked
Evernote,2013,50000000,web,hacked
Evide data breach,2023,1000,tech,hacked
Exactis,2018,340000000,tech,poor security
Excellus BlueCross BlueShield,2015,10000000,healthcare,hacked
Experian - T-Mobile US,2015,15000000,telecoms,hacked
Facebook,2013,6000000,app,accidentally exposed
Facebook,2018,50000000,app,poor security
Facebook,2019,540000000,app,poor security
Facebook,2019,1500000,app,accidentally exposed
Facebook,2019,267000000,app,poor security
Fast Retailing,2019,461091,retail,hacked
Federal Reserve Bank of Cleveland,2010,400000,financial,hacked
Fidelity National Information Services,2007,8500000,financial,inside job
First American Corporation,2019,885000000,financial,poor security
Florida Department of Juvenile Justice,2013,100000,government,lost / stolen device
Friend Finder Networks,2016,412214295,web,poor security
Funimation,2016,2500000,web,hacked
Formspring,2012,420000,web,accidentally exposed
Gamigo,2012,8000000,web,hacked
Gap Inc.,2007,800000,retail,lost / stolen device
Gawker,2010,1500000,web,hacked
Global Payments,2012,7000000,financial,hacked
Gmail,2014,5000000,web,hacked
Google Plus,2018,500000,app,poor security
goregrish.com,2021,300000,web,hacked
Greek government,2012,9000000,government,hacked
Grozio Chirurgija,2017,25000,healthcare,hacked
GS Caltex,2008,11100000,energy,inside job
Hannaford Brothers Supermarket Chain,2007,4200000,retail,hacked
HauteLook,2018,28517244,retail,hacked
Health Net,2009,500000,healthcare,lost / stolen device
HCA Healthcare,2023,11270000,healthcare,hacked
Health Net — IBM,2011,1900000,healthcare,lost / stolen device
Health Sciences Authority (Singapore),2019,808000,healthcare,poor security
Heartland,2009,130000000,financial,hacked
Hewlett Packard,2006,200000,retail,lost / stolen device
Hilton Hotels,2014,363000,retail,hacked
Home Depot,2014,56000000,retail,hacked
Honda Canada,2011,283000,retail,poor security
Iberdrola,2022,1300000,energy,poor security
Instagram,2020,200000000,app,poor security
Internal Revenue Service,2015,720000,financial,hacked
Inuvik hospital,2016,6700,healthcare,inside job
"Iranian banks (three: Saderat, Eghtesad Novin, and Saman)",2012,3000000,financial,hacked
Japan Pension Service,2015,1250000,government,hacked
Japanet Takata,2004,510000,retail,inside job
"Jefferson County, West Virginia",2008,1600000,government,accidentally exposed
JP Morgan Chase,2010,2600000,financial,lost / stolen device
JP Morgan Chase,2014,76000000,financial,hacked
Justdial,2019,100000000,app,poor security
KDDI,2006,4000000,telecoms,hacked
Kirkwood Community College,2013,125000,academic,hacked
KM.RU,2016,1500000,web,hacked
Korea Credit Bureau,2014,20000000,financial,inside job
Kroll Background America,2013,1000000,tech,hacked
KT Corporation,2012,8700000,telecoms,hacked
LexisNexis,2014,1000000,tech,hacked
LifeLabs,2019,15000000,healthcare,hacked
Lincoln Medical & Mental Health Center,2010,130495,healthcare,lost / stolen device
"LinkedIn, eHarmony, Last.fm",2012,8000000,web,accidentally exposed
Living Social,2013,50000000,web,hacked
Lyca Mobile,2023,16000000,telecoms,hacked
MacRumors.com,2014,860000,web,hacked
Manipulated Caiman,2023,40000000,financial,hacked
Marriott International,2018,500000000,retail,hacked
Marriott International,2020,5200000,retail,inside job
Massachusetts Government,2011,210000,government,poor security
Massive American business hack including 7-Eleven and Nasdaq,2012,160000000,financial,hacked
Medibank & AHM,2022,9700000,healthcare,hacked
US Medicaid,2012,780000,healthcare,hacked
Medical Informatics Engineering,2015,3900000,healthcare,hacked
Memorial Healthcare System,2011,102153,healthcare,lost / stolen device
MGM Resorts,2019,10600000,retail,hacked
Michaels,2014,3000000,retail,hacked
Microsoft,2019,250000000,tech,misconfiguration
Militarysingles.com,2012,163792,web,accidentally exposed
Ministry of Education (Chile),2008,6000000,government,accidentally exposed
Ministry of Health (Singapore),2019,14200,healthcare,inside job
Mitsubishi Tokyo UFJ Bank,2006,960000,financial,inside job
MongoDB,2019,202000000,tech,poor security
MongoDB,2019,275000000,tech,poor security
Mobile TeleSystems (MTS),2019,100000000,telecoms,misconfiguration
Monster.com,2007,1600000,web,hacked
Morgan Stanley Smith Barney,2011,34000,financial,lost / stolen device
Morinaga Confectionery,2022,1648922,retail,hacked
Mozilla,2014,76000,web,poor security
"NEC Networks, LLC",2021,1600000,healthcare,hacked
Neiman Marcus,2014,1100000,retail,hacked
Nemours Foundation,2011,1055489,healthcare,lost / stolen device
Network Solutions,2009,573000,tech,hacked
New York City Health & Hospitals Corp.,2010,1700000,healthcare,lost / stolen device
New York State Electric & Gas,2012,1800000,energy,inside job
New York Taxis,2014,52000,transport,poor security
Nexon Korea Corp,2011,13200000,web,hacked
NHS,2011,8300000,healthcare,lost / stolen device
Nintendo (Club Nintendo),2013,240000,gaming,hacked
Nintendo (Nintendo Account),2020,160000,gaming,hacked
Nippon Television,2016,430000,media,hacked
Nival Networks,2016,1500000,gaming,hacked
Norwegian Tax Administration,2008,3950000,government,accidentally exposed
Now:Pensions,2020,30000,financial,inside job
NTT Business Solutions,2023,9000000,telecoms,hacked
NTT Docomo,2023,5960000,telecoms,hacked
US Office of Personnel Management,2015,21500000,government,hacked
Office of the Texas Attorney General,2012,6500000,government,accidentally exposed
OGUsers,2022,529000,web,hacked
Optus,2022,9800000,telecoms,hacked
Orbitz,2018,880000,web,hacked
Ohio State University,2010,760000,academic,hacked
Patreon,2015,2300000,web,hacked
PayPay,2020,20076016,app,hacked
"Philippine law enforcement agencies (Philippine National Police, National Bureau of Investigation, Bureau of Internal Revenue)",2023,1279437,government,poor security
Popsugar,2018,123857,media,hacked
Premera,2015,11000000,healthcare,hacked
Puerto Rico Department of Health,2010,515000,healthcare,hacked
Quest Diagnostics,2019,11900000,healthcare,poor security
Quora,2018,100000000,app,hacked
Rakuten,2020,1381735,web,hacked
Rambler.ru,2012,98167935,web,hacked
RBS Worldpay,2008,1500000,financial,hacked
RENAPER (Argentina),2018,45000000,government,poor security
Restaurant Depot,2011,200000,retail,hacked
RockYou!,2009,32000000,web,hacked
"Sakai City, Japan",2015,680000,government,inside job
San Francisco Public Utilities Commission,2011,180000,government,hacked
Scottrade,2015,4600000,financial,hacked
Scribd,2013,500000,web,hacked
"Seacoast Radiology, PA",2010,231400,healthcare,hacked
Sega,2011,1290755,gaming,hacked
Service NSW (New South Wales),2020,104000,government,hacked
Service Personnel and Veterans Agency (UK),2008,50500,government,lost / stolen device
SingHealth,2018,1500000,government,hacked
Slack,2015,500000,tech,poor security
SlickWraps,2020,377428,web,poor security
Snapchat,2013,4700000,web,hacked
Sony Online Entertainment,2011,24600000,gaming,hacked
Sony Pictures,2011,1000000,web,hacked
Sony PlayStation Network,2011,77000000,gaming,hacked
South Africa police,2013,16000,government,hacked
South Carolina Government,2012,6400000,healthcare,inside job
"South Shore Hospital, Massachusetts",2010,800000,healthcare,lost / stolen device
Southern California Medical-Legal Consultants,2011,300000,healthcare,hacked
Spartanburg Regional Healthcare System,2011,400000,healthcare,lost / stolen device
Stanford University,2008,72000,academic,lost / stolen device
Starbucks,2008,97000,retail,lost / stolen device
State of Texas,2011,3500000,government,accidentally exposed
Steam,2011,35000000,web,hacked
StockX,2019,6800000,retail,hacked
Stratfor,2011,935000,tech,accidentally exposed
Sutter Medical Center,2011,4243434,healthcare,lost / stolen device
Syrian government (Syria Files),2012,2434899,government,hacked
Taobao,2016,20000000,retail,hacked
Taringa!,2017,28722877,web,hacked
Target Corporation,2013,110000000,retail,hacked
TaxSlayer.com,2016,8800,web,hacked
TD Ameritrade,2007,6300000,financial,hacked
TD Bank,2012,260000,financial,hacked
TerraCom & YourTel,2013,170000,telecoms,accidentally exposed
Tesla,2023,75000,transport,inside job
Tetrad,2020,120000000,retail,poor security
Texas Lottery,2007,89000,government,inside job
Ticketfly (subsidiary of Eventbrite),2018,26151608,web,hacked
Tianya Club,2011,28000000,web,hacked
TikTok,2020,42000000,media,poor security
TK / TJ Maxx,2007,94000000,retail,hacked
"T-Mobile, Deutsche Telekom",2006,17000000,telecoms,lost / stolen device
T-Mobile,2021,45000000,telecoms,hacked
T-Mobile,2023,37000000,telecoms,hacked
Tokopedia,2020,91000000,retail,hacked
Tricare,2011,4901432,healthcare,lost / stolen device
"Triple-S Salud, Inc.",2010,398000,healthcare,lost / stolen device
Tumblr,2013,65469298,web,hacked
Twitter,2013,250000,web,hacked
Uber,2014,50000,tech,poor security
Uber,2017,57000000,transport,hacked
Ubuntu,2013,2000000,tech,hacked
"UCLA Medical Center, Santa Monica",2015,4500000,healthcare,hacked
UK Home Office,2008,84000,government,lost / stolen device
UK Ministry of Defence,2008,1700000,government,lost / stolen device
UK Revenue & Customs,2007,25000000,government,lost / stolen device
Under Armour,2018,150000000,retail,hacked
"University of California, Berkeley",2009,160000,academic,hacked
"University of California, Berkeley",2016,80000,academic,hacked
"University of Maryland, College Park",2014,300000,academic,hacked
University of Central Florida,2016,63000,academic,hacked
University of Miami,2008,2100000,academic,lost / stolen device
University of Utah Hospital & Clinics,2008,2200000,academic,lost / stolen device
University of Wisconsin–Milwaukee,2011,73000,academic,hacked
Universiti Teknologi MARA,2019,1164540,academic,hacked
United States Postal Service,2018,60000000,government,poor security
U.S. Army,2011,50000,tech,accidentally exposed
U.S. Army(classified Iraq War documents),2010,392000,government,inside job
U.S. Department of Defense,2009,72000,tech,lost / stolen device
U.S. Department of Veteran Affairs,2006,26500000,tech,lost / stolen device
U.S. law enforcement (70 different agencies),2011,123461,government,accidentally exposed
National Archives and Records Administration (U.S. military veterans records),2009,76000000,tech,lost / stolen device
U.S. government (United States diplomatic cables leak),2010,260000,tech,inside job
National Guard of the United States,2009,131000,tech,lost / stolen device
Vastaamo,2020,130000,healthcare,hacked
Verifications.io (first leak),2019,809000000,retail,poor security
Verifications.io (total leaks),2019,2000000000,retail,poor security
Verizon Communications,2016,1500000,telecoms,hacked
View Media,2020,38000000,retail,misconfiguration
Virgin Media,2020,900000,telecoms,accidentally exposed
Virginia Department of Health,2009,8257378,healthcare,hacked
Virginia Prescription Monitoring Program,2009,531400,healthcare,hacked
Vodafone,2013,2000000,telecoms,inside job
VTech,2015,5000000,retail,hacked
Walmart,2015,1300000,retail,hacked
Washington Post,2011,1270000,media,hacked
Washington State court system,2013,160000,government,hacked
Wattpad,2020,270000000,web,hacked
Wawa (company),2020,30000000,retail,hacked
Weebly,2016,43430316,web,hacked
Westpac,2019,98000,financial,hacked
Writerspace.com,2011,62000,web,hacked
Xat.com,2015,6054459,web,accidentally exposed
Yahoo,2013,3000000000,web,hacked
Yahoo,2014,500000000,web,hacked
Yahoo Japan,2013,22000000,web,hacked
Yahoo! Voices,2012,450000,web,hacked
Yale University,2010,43000,academic,accidentally exposed
YouTube,2020,4000000,media,poor security
Zappos,2012,24000000,web,hacked
Zynga,2019,173000000,app,hacked
Unknown agency(believed to be tied to United States Census Bureau),2020,200000000,financial,accidentally exposed
National Health Information Center (NCZI) of Slovakia,2020,391250,healthcare,poor security
IKEA,2022,95000,retail,accidentally exposed
Consumer Financial Protection Bureau,2023,256000,government,poor security
Directorate General of Immigration of Indonesia,2023,34900867,government,hacked
Directorate General of Population and Civil Registration (Dukcapil),2023,337225463,government,inside job
23andMe data leak,2023,6900000,healthcare,hacked
Chess.com,2023,800000,gaming,poor security
DC Health Link,2023,56000,healthcare,misconfiguration
KitchenPal (iCuisto),2023,100000,web,hacked
Irish towing company,2023,512000,transport,poor security
Maine Government,2023,1300000,government,hacked
Welltok,2023,8500000,healthcare,hacked
Maximus,2023,10000000,government,hacked
Okta,2023,134,tech,hacked
Delta Dental,2023,7000000,healthcare,hacked
Xfinity,2023,36000000,telecoms,hacked
Atlassian,2023,13200,tech,accidentally exposed
Reddit,2023,100000,web,hacked
Go Daddy,2022,1228000,web,hacked
MGM,2023,10600000,retail,hacked
X (Twitter),2023,200000000,web,poor security
CommuteAir,2023,1500000,transport,hacked
Yum!,2023,10000000,retail,hacked
PharMerica,2023,5800000,healthcare,hacked
NATO,2023,8000,government,hacked
Topgolf Callaway,2023,1114954,retail,hacked
Sony,2023,6800,tech,hacked
23andMe,2023,6900000,healthcare,hacked
PayPal ,2023,34942,financial,hacked
Acer,2023,10000000,tech,hacked
MSI,2023,10000000,tech,hacked
ChatGPT,2023,101000,tech,hacked
TIAA,2023,2300000,financial,hacked
Roblox,2020,4000,gaming,poor security
Discord.io,2023,760000,gaming,hacked
Clorox,2023,10000000,retail,hacked
Latitude Financial,2023,14000000,financial,hacked
Toyota,2022,296019,transport,poor security
Shein,2022,39000000,retail,hacked
Indonesia's health agency,2022,279000000,government,hacked
CoinSquare,2022,50000,tech,hacked
Indian Railways,2022,30000000,transport,hacked
Indonesian SIM cards,2022,1000000000,telecoms,hacked
LastPass,2022,33000000,web,hacked
"City of Amagasaki, Japan",2022,500000,government,accidentally exposed
Shanghai Police,2022,500000000,financial,hacked
Plex,2022,15000000,web,hacked
Dubai Real Estate Leak,2022,800000,financial,inside job
Heroku,2022,50000,tech,hacked
Mailchimp,2022,106586,tech,hacked
PayHere,2022,1580249,financial,hacked
CDEK,2022,18218203,retail,hacked
Washington State Dpt of Licensing,2022,257000,government,hacked
Red Cross,2022,500000,misc,hacked
Open Subtitles,2022,100000,web,hacked
FlexBooker,2022,3700000,web,hacked
LINE Pay,2021,133000,financial,poor security
Robinhood,2021,5000937,financial,hacked
GoDaddy,2021,1200000,web,hacked
Travelio,2021,471376,misc,hacked
Acer,2021,3000000,tech,hacked
Brewdog,2021,200000,retail,poor security
Experian SA,2020,24000000,web,accidentally exposed
Nvidia,2021,100000,tech,hacked
Okta,2021,100000,tech,hacked
Royal Enfield,2020,420873,transport,poor security
Avvo,2019,4101101,legal,hacked
Aimware,2019,305470,gaming,hacked
Twitch,2021,10000000,gaming,hacked
Syniverse,2021,500000000,telecoms,hacked
Pandora Papers,2021,11900000,government,hacked
Epik,2021,15000000,retail,hacked
Thailand visitors,2021,100000000,government,poor security
T-Mobile ,2021,76000000,telecoms,hacked
Contact tracing data,2021,38000000,telecoms,hacked
Estonian gov,2021,280000,government,hacked
Guntrader,2021,111000,retail,hacked
Linkedin,2021,700000000,web,hacked
VW,2021,3300000,transport,hacked
MacDonalds,2021,10000000,retail,hacked
Air India,2021,4500000,transport,hacked
Omiai dating app,2021,1710000,app,hacked
Amazon Reviews,2021,13124962,web,poor security
Peloton,2021,3000000,tech,poor security
Digital Ocean,2021,10000000,tech,poor security
Park Mobile,2021,21000000,transport,hacked
Ubiquiti,2021,16000000,tech,hacked
Meet Mindful,2021,2240000,tech,hacked
Experian Brazil,2021,220000000,financial,hacked
Gab,2021,4000000,tech,hacked
Star Alliance,2021,16000000,transport,hacked
Ledger,2020,270000,financial,hacked
T-mobile,2020,200000,telecoms,hacked
The Hospital Group,2020,1000000,healthcare,hacked
SolarWinds,2020,50000000,app,hacked
Ho Mobile,2020,2500000,telecoms,hacked
Spotify,2020,500000,app,accidentally exposed
Drizly,2020,2400000,app,hacked
GEDmatch,2020,1400000,misc,hacked
Call of Duty / Activision,2020,500000,gaming,hacked
Zhenhua,2020,2400000,misc,accidentally exposed
Cense AI,2020,2500000,healthcare,poor security
Nintendo,2020,300000,gaming,hacked
Pakistani mobile operators,2020,115000000,telecoms,hacked
US Marshals Service,2020,387000,government,hacked
db8151dd,2020,22000000,web,hacked
EasyJet,2020,9000000,transport,hacked
Dutch Government,2020,6900000,government,lost / stolen device
Boots Advantage Card,2020,150000,retail,hacked
Tesco Clubcard,2020,600000,retail,hacked
Marriott Hotels,2020,5200000,retail,inside job
Zoom,2020,500000,app,hacked
Israeli government,2020,6500000,government,poor security
MGM Hotels,2020,10600000,retail,hacked
Buchbinder Car Rentals,2020,5000000,transport,poor security
Wawa,2019,30000000,retail,hacked
Desjardins Group,2019,4200000,financial,inside job
US Customs and Border Protection,2019,100000,government,hacked
Australian National University,2019,200000,academic,hacked
Chtrbox,2019,49000000,misc,poor security
WiFi Finder,2019,2000000,app,poor security
Toyota,2019,3100000,transport,hacked
Unknown,2019,1800000,web,poor security
Vårdguiden,2019,2700000,healthcare,poor security
ShareThis,2019,41000000,web,hacked
Animoto,2019,25000000,web,hacked
EyeEm,2019,22000000,web,hacked
8fit,2019,20000000,web,hacked
Whitepages,2019,18000000,web,hacked
Fotolog,2019,16000000,web,hacked
Armor Games,2019,11000000,gaming,hacked
BookMate,2019,8000000,web,hacked
CoffeeMeetsBagel,2019,6000000,web,hacked
Artsy,2019,1000000,web,hacked
DataCamp,2019,700000,web,hacked
Ixigo,2019,18000000,transport,poor security
YouNow,2019,40000000,web,hacked
Houzz,2019,57000000,retail,hacked
Ge.tt,2019,1800000,web,hacked
Coinmama,2019,450000,financial,hacked
Roll20,2019,4000000,gaming,hacked
Stronghold Kingdoms,2019,5000000,gaming,hacked
Petflow,2019,1000000,retail,poor security
Blur,2019,2400000,tech,accidentally exposed
Indian citizens,2019,275265298,web,poor security
Bulgarian National Revenue Agency,2019,5000000,government,hacked
Suprema,2019,27800000,tech,poor security
BriansClub,2019,26000000,web,hacked
OxyData,2019,380000000,tech,poor security
Click2Gov,2018,300000,financial,hacked
GovPayNow.com,2018,14000000,financial,poor security
Chinese resume leak,2018,202000000,web,poor security
Google+,2018,52500000,web,poor security
NMBS,2018,700000,transport,accidentally exposed
Panerabread,2018,37000000,retail,poor security
Dixons Carphone,2018,10000000,telecoms,hacked
MyHeritage,2018,92283889,web,hacked
Saks and Lord & Taylor,2018,5000000,retail,hacked
Careem,2018,14000000,app,hacked
Texas voter records,2018,14800000,web,poor security
British Airways,2018,380000,transport,hacked
MyFitnessPal,2018,150000000,app,hacked
Helse Sør-Øst RHF,2018,3000000,healthcare,hacked
Nametests,2018,120000000,app,poor security
Ticketmaster,2018,40000,web,hacked
Firebase,2018,100000000,app,poor security
Aadhaar,2018,550000000,government,poor security
Grindr,2018,3000000,app,poor security
MBM Company,2018,1300000,retail,poor security
LocalBlox,2018,48000000,web,poor security
ViewFines,2018,934000,transport,accidentally exposed
TicketFly,2018,27000000,web,hacked
Amazon,2018,5000000,retail,accidentally exposed
Urban Massage,2018,309000,app,poor security
Dell ,2018,100000,tech,hacked
High Tail Hall,2018,411000,web,hacked
SKY Brasil,2018,32000000,telecoms,poor security
Vision Direct,2018,16300,retail,hacked
Newegg,2018,45000000,retail,hacked
Mount Olympus,2016,1100,financial,inside job
Apollo,2018,200000000,tech,poor security
Disqus,2017,17500000,web,hacked
RootsWeb,2017,300000,web,poor security
Wonga,2017,270000,financial,hacked
Spambot,2017,520000000,web,poor security
CEX,2017,2000000,retail,accidentally exposed
Al.type,2017,31000000,app,poor security
Cellebrite,2017,3000000,tech,hacked
Waterly,2017,1000000,app,poor security
Swedish Transport Agency,2017,3000000,government,poor security
Hong Kong Registration & Electoral Office,2017,3700000,government,lost / stolen device
River City Media,2017,340000000,web,accidentally exposed
DaFont,2017,700000,web,hacked
Bell,2017,1900000,telecoms,hacked
Zomato,2017,17000000,web,hacked
Imgur,2017,1700000,app,hacked
TIO Networks,2017,1600000,financial,hacked
Malaysian telcos & MVNOs,2017,46200000,telecoms,hacked
Malaysian medical practitioners,2017,81309,healthcare,hacked
Viacom,2017,3000000,web,hacked
SVR Tracking,2017,540000,app,poor security
LinkedIn,2016,117000000,web,hacked
Mossack Fonseca,2016,11500000,misc,hacked
Philippines’ Commission on Elections,2016,55000000,government,hacked
Syrian government,2016,274477,government,hacked
Minecraft,2016,7000000,gaming,hacked
Turkish citizenship database,2016,49611709,government,hacked
Banner Health,2016,3700000,healthcare,hacked
Mail. ru,2016,25000000,web,hacked
PayAsUGym,2016,300000,web,hacked
Lynda.com,2016,9500000,web,hacked
Linux Ubuntu forums,2016,2000000,web,hacked
Wendy's,2016,1025,retail,hacked
Clinton campaign,2016,5000000,government,hacked
uTorrent ,2016,35000,web,hacked
World Check,2016,2200000,misc,poor security
Mutuelle Generale de la Police,2016,112000,healthcare,inside job
VK,2016,171000000,web,hacked
KM.ru & Nival,2016,1500000,web,hacked
Fling,2016,40000000,web,hacked
MySpace,2016,164000000,web,hacked
Three,2016,130000,telecoms,hacked
Red Cross Blood Service,2016,550000,healthcare,accidentally exposed
Telegram ,2016,15000000,app,hacked
Dailymotion,2016,85200000,web,hacked
Interpark,2016,10000000,web,hacked
Friend Finder Network,2016,412000000,web,hacked
Brazzers,2016,790724,web,hacked
ClixSense,2016,6600000,web,hacked
Carefirst,2015,1100000,healthcare,hacked
Twitch,2015,10000000,healthcare,hacked
Deep Root Analytics,2015,198000000,web,poor security
Kromtech,2015,13000000,web,hacked
Invest Bank,2015,40000,financial,hacked
Sanrio,2015,3300000,web,poor security
Hacking Team,2015,500000,web,hacked
AshleyMadison.com,2015,37000000,web,hacked
US Office of Personnel Management (2nd Breach),2015,21500000,government,hacked
Australian Immigration Department,2015,30,government,accidentally exposed
IRS,2015,100000,government,hacked
MSpy,2015,400000,app,hacked
Adult Friend Finder,2015,3900000,web,hacked
Securus Technologies,2015,70000000,web,hacked
TalkTalk,2015,157000,telecoms,hacked
Experian / T-mobile,2015,15000000,telecoms,hacked
CarPhone Warehouse,2015,2400000,telecoms,hacked
British Airways,2015,10000,transport,hacked
Anthem ,2015,80000000,healthcare,hacked
UCLA Health,2015,4500000,healthcare,hacked
Privatization Agency of the Republic of Serbia,2014,5190396,government,accidentally exposed
Indiana University,2014,146000,academic,poor security
Ebay,2014,145000000,web,hacked
UPS,2014,4000000,retail,hacked
European Central Bank,2014,4000000,financial,hacked
HSBC Turkey,2014,2700000,financial,hacked
Japan Airlines,2014,750000,transport,hacked
Staples,2014,1160000,retail,hacked
GMail,2014,5000000,web,hacked
Dominios Pizzas (France),2014,600000,retail,hacked
Massive American business hack,2013,160000000,financial,hacked
Tianya,2013,40000000,web,hacked
SnapChat,2013,4600000,tech,hacked
University of Delaware,2013,74000,academic,hacked
OVH,2013,200000,web,hacked
NASDAQ,2013,500000,financial,hacked
UbiSoft,2013,58000000,gaming,hacked
Nintendo,2013,4000000,gaming,hacked
National Security Agency,2013,1500000,government,inside job
MacRumours.com,2013,860000,web,hacked
Court Ventures,2013,200000000,financial,inside job
Adobe,2013,38000000,tech,hacked
"D&B, Altegrity",2013,1000000,tech,hacked
ssndob.ms,2013,4000000,web,hacked
Target,2013,70000000,retail,hacked
Three Iranian banks,2012,3000000,financial,hacked
Medicaid,2012,780000,healthcare,hacked
Blizzard,2012,14000000,gaming,hacked
KT Corp.,2012,8700000,telecoms,hacked
Yahoo Voices,2012,450000,web,hacked
Last.fm,2012,43500000,web,hacked
"""Apple""",2012,12367232,retail,accidentally exposed
South Carolina State Dept. of Revenue,2012,3600000,government,hacked
"Ankle & foot Center of Tampa Bay, Inc.",2011,156000,healthcare,hacked
Epsilon,2011,3000000,web,hacked
Sony PSN,2011,77000000,gaming,hacked
US Law Enforcement,2011,123461,government,hacked
University of Wisconsin - Milwaukee,2011,73000,academic,hacked
Chinese gaming sites,2011,10000000,web,hacked
Accendo Insurance Co. ,2011,175350,healthcare,poor security
Health Net - IBM,2011,1900000,healthcare,lost / stolen device
San Francisco Public Utilities Commission ,2011,180000,government,hacked
Oregon Department of Motor Vehicles,2011,1000000,government,hacked
Sutter Medical Foundation,2011,4243434,healthcare,lost / stolen device
Blue Cross Blue Shield of Tennessee,2010,1023209,healthcare,lost / stolen device
US Military,2010,260000,military,inside job
Gawker.com,2010,1500000,web,hacked
Colorado government,2010,105470,healthcare,lost / stolen device
Educational Credit Management Corp,2010,3300000,financial,lost / stolen device
US Federal Reserve Bank of Cleveland,2010,400000,financial,hacked
Classified Iraq War documents,2010,392000,government,inside job
US National Guard,2009,131000,military,lost / stolen device
University of California Berkeley,2009,160000,academic,hacked
Health Net ,2009,1500000,healthcare,lost / stolen device
US Military,2009,76000000,military,lost / stolen device
BNY Mellon Shareowner Services,2008,4500000,financial,lost / stolen device
University of Utah Hospitals & Clinics,2008,2200000,academic,lost / stolen device
Chile Ministry Of Education,2008,6000000,government,hacked
"T-Mobile, Deutsche Telecom",2008,17000000,telecoms,lost / stolen device
Norwegian Tax Authorities,2008,3950000,government,accidentally exposed
Driving Standards Agency,2007,3000000,government,lost / stolen device
Gap Inc,2007,800000,retail,lost / stolen device
US Dept of Vet Affairs,2006,26500000,military,lost / stolen device
Ameritrade Inc.,2005,200000,financial,lost / stolen device
Cardsystems Solutions Inc. ,2005,40000000,financial,hacked
